task_id,overall_score,question,agent_response
7ff68758e-3db8-4557-9909-3b38f9ff58cb,0.16666666666666666,"{""text"": ""Find alternative blood pressure monitors that are currently available to replace the back-ordered item""}","{""version"": ""1.0"", ""eventType"": ""knowledge_card"", ""data"": {""cardMetadata"": {""interactionId"": ""7ff68758e-3db8-4557-9909-3b38f9ff58cb"", ""cardId"": ""7ff68758e-3db8-4557-9909-3b38f9ff58cb_progressive_7ff68758e-3db8-4557-9909-3b38f9ff58cb_1adcb6ce-6da7-516d-81ae-1deab4dbdb5c"", ""queryId"": ""7ff68758e-3db8-4557-9909-3b38f9ff58cb_1adcb6ce-6da7-516d-81ae-1deab4dbdb5c"", ""timestamp"": ""2026-06-09 14:40:39.155650"", ""cardStatus"": {""value"": ""abandoned""}, ""abandonedReason"": ""An error occurred while researching this question.\nSystem Analysis: The research was abandoned because the system was unable to use any tools to find information. Although a research task was identified, the system did not have any tools configured or available to perform the necessary searches, leading to the research being incomplete."", ""transcriptReference"": {""transcriptId"": ""7ff68758e-3db8-4557-9909-3b38f9ff58cb_1adcb6ce-6da7-516d-81ae-1deab4dbdb5c"", ""startTimeStamp"": ""2026-06-09 11:52:47.087711+00:00""}}, ""content"": {""header"": ""Find alternative blood pressure monitors that are currently available to replace the back-ordered item""}}}"
b36a6968-e24a-4063-acaa-dbc3ca5bbdbf_84509069-8bf6-48df-9395-7865157765a2,0.16666666666666666,"{""text"": ""Check member's card balance and status (lost/stolen)""}","{""version"": ""1.0"", ""eventType"": ""knowledge_card"", ""data"": {""cardMetadata"": {""interactionId"": ""b36a6968-e24a-4063-acaa-dbc3ca5bbdbf"", ""cardId"": ""b36a6968-e24a-4063-acaa-dbc3ca5bbdbf_progressive_b36a6968-e24a-4063-acaa-dbc3ca5bbdbf_84509069-8bf6-48df-9395-7865157765a2"", ""queryId"": ""b36a6968-e24a-4063-acaa-dbc3ca5bbdbf_84509069-8bf6-48df-9395-7865157765a2"", ""timestamp"": ""2026-05-07 09:57:58.288480"", ""cardStatus"": {""visible"": true, ""value"": ""completed""}, ""transcriptReference"": {""transcriptId"": ""b36a6968-e24a-4063-acaa-dbc3ca5bbdbf_84509069-8bf6-48df-9395-7865157765a2"", ""startTimeStamp"": ""2026-05-07 13:57:48.334844+00:00""}}, ""content"": {""header"": ""Check member's card balance and status (lost/stolen)"", ""body"": [{""subHeading"": {""text"": ""Research Process"", ""list"": [{""text"": ""Member's Over The Counter Mail Order allowance is active and enrolled as of 2026-01-01, with a next contribution of $200.00 on 2026-07-01. The contribution frequency is quarterly, and the card was activated within the last 90 days."", ""citation"": [{""citationId"": ""NA"", ""title"": ""spending_allowance_get_spending_allowance""}]}, {""text"": ""The current balance for the Over The Counter Mail Order allowance is not available in the system (null)."", ""citation"": [{""citationId"": ""NA"", ""title"": ""spending_allowance_get_spending_allowance""}]}]}}, {""text"": {""text"": ""Member: Muhuo Ofcaceck"", ""list"": [{""text"": ""The member's Over The Counter Mail Order allowance is active and enrolled as of 2026-01-01, with a next contribution of $200.00 scheduled for 2026-07-01. The contribution frequency is quarterly, and the card was activated within the last 90 days."", ""citation"": [{""citationId"": ""NA"", ""title"": ""spending_allowance_get_spending_allowance""}]}, {""text"": ""The current balance for the Over The Counter Mail Order allowance is not available in the system."", ""citation"": [{""citationId"": ""NA"", ""title"": ""spending_allowance_get_spending_allowance""}]}]}}]}}}"
a215d4b9c-674e-48e2-a038-867e340a8b7c_15bd7aae-4b4d-4e17-b4b4-7d9aee1707e,0.16666666666666666,"{""text"": ""Check member's current RX deductible balance""}","{""version"": ""1.0"", ""eventType"": ""knowledge_card"", ""data"": {""cardMetadata"": {""interactionId"": ""a215d4b9c-674e-48e2-a038-867e340a8b7c"", ""cardId"": ""a215d4b9c-674e-48e2-a038-867e340a8b7c_progressive_a215d4b9c-674e-48e2-a038-867e340a8b7c_15bd7aae-4b4d-4e17-b4b4-7d9aee1707e"", ""queryId"": ""a215d4b9c-674e-48e2-a038-867e340a8b7c_15bd7aae-4b4d-4e17-b4b4-7d9aee1707e"", ""timestamp"": ""2026-02-27 17:16:17.823095"", ""cardStatus"": {""visible"": true, ""value"": ""completed""}, ""transcriptReference"": {""transcriptId"": ""a215d4b9c-674e-48e2-a038-867e340a8b7c_15bd7aae-4b4d-4e17-b4b4-7d9aee1707e"", ""startTimeStamp"": ""2026-02-27 22:05:50.038030+00:00""}}, ""content"": {""header"": ""Check member's current RX deductible balance"", ""body"": [{""subHeading"": {""text"": ""Research Process"", ""list"": [{""text"": ""Member's plan has an annual prescription drug deductible of $350."", ""citation"": [{""citationId"": ""lc_c3737d90-7451-4d22-8be5-f7ba7376cbc8"", ""title"": ""misearch_wrapper_keyword_search_get_plan_details_ks""}]}, {""text"": ""The prescription drug deductible applies to Tier 3, Tier 4, and Tier 5 drugs."", ""citation"": [{""citationId"": ""lc_c3737d90-7451-4d22-8be5-f7ba7376cbc8"", ""title"": ""misearch_wrapper_keyword_search_get_plan_details_ks""}]}]}}, {""text"": {""text"": ""Member: Zequira Sincak"", ""list"": [{""text"": ""The member's plan has an annual prescription drug deductible of $350."", ""citation"": [{""citationId"": ""lc_c3737d90-7451-4d22-8be5-f7ba7376cbc8"", ""title"": ""misearch_wrapper_keyword_search_get_plan_details_ks""}]}, {""text"": ""The prescription drug deductible applies to Tier 3, Tier 4, and Tier 5 drugs."", ""citation"": [{""citationId"": ""lc_c3737d90-7451-4d22-8be5-f7ba7376cbc8"", ""title"": ""misearch_wrapper_keyword_search_get_plan_details_ks""}]}]}}]}}}"
91fd0ba3-8f9e-4811-856a-008b82597ffa_dd01d721-5132-444f-a556-6e83090f55e7,0.16666666666666666,"{""text"": ""Verify member's current plan status and if any changes were made due to stolen wallet/phone""}","{""version"": ""1.0"", ""eventType"": ""knowledge_card"", ""data"": {""cardMetadata"": {""interactionId"": ""91fd0ba3-8f9e-4811-856a-008b82597ffa"", ""cardId"": ""91fd0ba3-8f9e-4811-856a-008b82597ffa_progressive_91fd0ba3-8f9e-4811-856a-008b82597ffa_dd01d721-5132-444f-a556-6e83090f55e7"", ""queryId"": ""91fd0ba3-8f9e-4811-856a-008b82597ffa_dd01d721-5132-444f-a556-6e83090f55e7"", ""timestamp"": ""2026-06-09 08:58:55.634580"", ""cardStatus"": {""visible"": true, ""value"": ""completed""}, ""transcriptReference"": {""transcriptId"": ""91fd0ba3-8f9e-4811-856a-008b82597ffa_dd01d721-5132-444f-a556-6e83090f55e7"", ""startTimeStamp"": ""2026-06-09 12:48:17.889095+00:00""}}, ""content"": {""header"": ""Verify member's current plan status and if any changes were made due to stolen wallet/phone"", ""body"": [{""text"": {""text"": ""Member: Euze Chexnayder"", ""list"": [{""text"": ""The member has current Dental coverage (MDCR HUM DEN 046 HMP HMO 2026) effective January 1, 2026."", ""citation"": [{""citationId"": ""NA"", ""title"": ""member_coverage_getMemberCoverages""}]}, {""text"": ""The member has current Medicare Vitality HealthyFoods coverage effective January 1, 2026."", ""citation"": [{""citationId"": ""NA"", ""title"": ""member_coverage_getMemberCoverages""}]}, {""text"": ""The member has current Medical coverage (Humana Gold Plus), which is a Medicare Advantage HMO plan, effective January 1, 2026."", ""citation"": [{""citationId"": ""NA"", ""title"": ""member_coverage_getMemberCoverages""}]}]}}]}}}"
a0f6a9d6-a33a-4b2a-b75b-48c65e3dfe52,0.2,"{""text"": ""Is this medication covered by my plan?""}","{""content"": {""header"": ""Prescription drug coverage status"", ""body"": ""Tier 1 and Tier 2 drugs are covered.""}}"
b8e9-0571b5647da5,0.1,"{""text"": ""How do I arrange transportation to a medical appointment?""}","{""content"": {""header"": ""Transportation scheduling"", ""body"": ""Call transportation broker 48 hours in advance.""}}"
c737d90-7451-4d22-8be5-f7ba7376cbc8,0.5,"{""text"": ""Do I have vision coverage?""}","{""content"": {""header"": ""Vision benefits summary"", ""body"": ""Vision exam is covered once every calendar year.""}}"
d41b-a7d3-f224c4f2ea4d,0.6,"{""text"": ""Do I have dental coverage?""}","{""content"": {""header"": ""Dental benefits summary"", ""body"": ""Routine cleanings are covered twice a year.""}}"
e83090f55e7,0.3,"{""text"": ""What is my copay for this service?""}","{""content"": {""header"": ""Copay values"", ""body"": ""Primary doctor copay is $15.""}}"
f224c4f2ea4d,0.45,"{""text"": ""What are the changes to my plan for next year?""}","{""content"": {""header"": ""Plan changes summary"", ""body"": ""Maximum out-of-pocket will increase by $100.""}}"
g124c4f2ea4d,0.65,"{""text"": ""Does my plan cover home care services?""}","{""content"": {""header"": ""Home care coverage details"", ""body"": ""Home care services are covered up to 60 visits per year.""}}"
